Workbook

Sheet Legenda
A1: Casos manuais complementares: Verzel Store (VZS-142)
A3: Conteúdo | B3: CT-001 a CT-005: seu fluxo básico (CT-005 ajustado para aplicar BEMVINDO10). CT-006 a CT-039: listagem, carrinho, navegação, pedido concluído e compatibilidade.
A4: Como preencher | B4: Colunas amarelas: Resultado obtido (o que a loja mostrou, com valores), Status (lista), Bug, Evidência e Data.
A5: Status | B5: Passou, Falhou, Bloqueado, Dúvida, N/A (funcionalidade que não existe na loja) ou Não executado.
A6: Não é bug | B6: Carrinho só na aba, pedidos fictícios, sem e-mail nem cobrança, sem estoque (seção 'Sobre este ambiente' da documentação).
A7: Numeração | B7: Os casos de cupom, frete, quantidade e checkout detalhados estão na planilha anterior (Planilha_Testes_Verzel_Store.xlsx), com IDs CT-A1, CT-B1 etc. Não se misturam com estes.
A8: Premissa | B8: CT-013 e CT-016 usam preços da documentação (Camiseta 59,90 + Boné 49,90 = 109,80; soma dos 8 produtos = 849,40).

Sheet Casos Manuais (fluxo)
A1: ID | B1: Grupo | C1: Cenário | D1: Passos | E1: Resultado esperado | F1: Resultado obtido | G1: Status | H1: Bug | I1: Evidência (arquivo) | J1: Data
A2: CT-001 | B2: 0. Fluxo básico | C2: Acessar loja | D2: Abrir https://verzel-store.qa-test-verzel-store.workers.dev/ | E2: Loja carregada, sem erro visível | G2: Não executado
A3: CT-002 | B3: 0. Fluxo básico | C3: Visualizar produtos | D3: Observar a página inicial | E3: Produtos exibidos | G3: Não executado
A4: CT-003 | B4: 0. Fluxo básico | C4: Adicionar produto | D4: Clicar em Adicionar em um produto e abrir o carrinho | E4: Produto aparece no carrinho | G4: Não executado
A5: CT-004 | B5: 0. Fluxo básico | C5: Alterar quantidade | D5: No carrinho, aumentar e diminuir a quantidade de um item | E5: Total atualizado | G5: Não executado
A6: CT-005 | B6: 0. Fluxo básico | C6: Aplicar cupom (ajustado) | D6: Com 1× Mochila no carrinho, aplicar BEMVINDO10 | E6: Desconto de 10% sobre o subtotal (R$ 10,00); total R$ 109,90 | G6: Não executado
A7: CT-006 | B7: 1. Listagem | C7: Quantidade de produtos exibidos | D7: Contar os produtos na listagem | E7: 8 produtos (P001 a P008) | G7: Não executado
A8: CT-007 | B8: 1. Listagem | C8: Nome e preço de cada produto | D8: Comparar cada card com a tabela da documentação | E8: Iguais à documentação (ex.: Camiseta Essencial R$ 59,90) | G8: Não executado
A9: CT-008 | B9: 1. Listagem | C9: Formatação de preço | D9: Observar o preço de todos os produtos | E9: Formato R$ 59,90, com vírgula e 2 casas | G9: Não executado
A10: CT-009 | B10: 1. Listagem | C10: Descrição e categoria | D10: Comparar com a resposta de GET /api/produtos (aba Network) | E10: Aparecem na tela e batem com a API | G10: Não executado
A11: CT-010 | B11: 1. Listagem | C11: Imagens dos produtos | D11: Observar todos os cards | E11: Imagens carregam, sem imagem quebrada | G11: Não executado
A12: CT-011 | B12: 1. Listagem | C12: Detalhe de um produto (se existir) | D12: Clicar em um produto | E12: Abre o produto certo, com dados corretos. Se não existir a tela, marcar como N/A. | G12: Não executado
A13: CT-012 | B13: 2. Adicionar ao carrinho | C13: Adicionar o mesmo produto 2 vezes | D13: Clicar 2× em Adicionar no mesmo produto | E13: Uma linha com quantidade 2, não duas linhas | G13: Não executado
... A40: CT-039 | B40: 6. Compatibilidade e usabilidade | C40: Cliques rápidos repetidos | D40: Clicar várias vezes em Aplicar, + e Confirmar | E40: Sem duplicar ação nem travar | G40: Não executado

Sheet Resumo
A1: Resumo da execução
A3: Status | B3: Casos
A4: Passou | B4: =COUNTIF('Casos Manuais (fluxo)'!$G$2:$G$40,A4) -> 0
A5: Falhou | B5: =COUNTIF('Casos Manuais (fluxo)'!$G$2:$G$40,A5) -> 0
A6: Bloqueado | B6: =COUNTIF('Casos Manuais (fluxo)'!$G$2:$G$40,A6) -> 0
A7: Dúvida | B7: =COUNTIF('Casos Manuais (fluxo)'!$G$2:$G$40,A7) -> 0
A8: N/A | B8: =COUNTIF('Casos Manuais (fluxo)'!$G$2:$G$40,A8) -> 0
A9: Não executado | B9: =COUNTIF('Casos Manuais (fluxo)'!$G$2:$G$40,A9) -> 39
A10: Total | B10: =SUM(B4:B9) -> 39
A11: % executado | B11: =IF(B10=0,0,(B10-B9)/B10) -> 0
A13: Grupo | B13: Total | C13: Passou | D13: Falhou
A14: 0. Fluxo básico | B14: =COUNTIF('Casos Manuais (fluxo)'!$B$2:$B$40,A14) -> 5 | C14: =COUNTIFS('Casos Manuais (fluxo)'!$B$2:$B$40,A14,'Casos Manuais (fluxo)'!$G$2:$G$40,"Passou") -> 0 | D14: =COUNTIFS('Casos Manuais (fluxo)'!$B$2:$B$40,A14,'Casos Manuais (fluxo)'!$G$2:$G$40,"Falhou") -> 0
A15: 1. Listagem | B15: =COUNTIF('Casos Manuais (fluxo)'!$B$2:$B$40,A15) -> 6 | C15: =COUNTIFS('Casos Manuais (fluxo)'!$B$2:$B$40,A15,'Casos Manuais (fluxo)'!$G$2:$G$40,"Passou") -> 0 | D15: =COUNTIFS('Casos Manuais (fluxo)'!$B$2:$B$40,A15,'Casos Manuais (fluxo)'!$G$2:$G$40,"Falhou") -> 0
A16: 2. Adicionar ao carrinho | B16: =COUNTIF('Casos Manuais (fluxo)'!$B$2:$B$40,A16) -> 5 | C16: =COUNTIFS('Casos Manuais (fluxo)'!$B$2:$B$40,A16,'Casos Manuais (fluxo)'!$G$2:$G$40,"Passou") -> 0 | D16: =COUNTIFS('Casos Manuais (fluxo)'!$B$2:$B$40,A16,'Casos Manuais (fluxo)'!$G$2:$G$40,"Falhou") -> 0
A17: 3. Carrinho | B17: =COUNTIF('Casos Manuais (fluxo)'!$B$2:$B$40,A17) -> 6 | C17: =COUNTIFS('Casos Manuais (fluxo)'!$B$2:$B$40,A17,'Casos Manuais (fluxo)'!$G$2:$G$40,"Passou") -> 0 | D17: =COUNTIFS('Casos Manuais (fluxo)'!$B$2:$B$40,A17,'Casos Manuais (fluxo)'!$G$2:$G$40,"Falhou") -> 0
A18: 4. Navegação e estado | B18: =COUNTIF('Casos Manuais (fluxo)'!$B$2:$B$40,A18) -> 6 | C18: =COUNTIFS('Casos Manuais (fluxo)'!$B$2:$B$40,A18,'Casos Manuais (fluxo)'!$G$2:$G$40,"Passou") -> 0 | D18: =COUNTIFS('Casos Manuais (fluxo)'!$B$2:$B$40,A18,'Casos Manuais (fluxo)'!$G$2:$G$40,"Falhou") -> 0
A19: 5. Pedido concluído | B19: =COUNTIF('Casos Manuais (fluxo)'!$B$2:$B$40,A19) -> 5 | C19: =COUNTIFS('Casos Manuais (fluxo)'!$B$2:$B$40,A19,'Casos Manuais (fluxo)'!$G$2:$G$40,"Passou") -> 0 | D19: =COUNTIFS('Casos Manuais (fluxo)'!$B$2:$B$40,A19,'Casos Manuais (fluxo)'!$G$2:$G$40,"Falhou") -> 0
A20: 6. Compatibilidade e usabilidade | B20: =COUNTIF('Casos Manuais (fluxo)'!$B$2:$B$40,A20) -> 6 | C20: =COUNTIFS('Casos Manuais (fluxo)'!$B$2:$B$40,A20,'Casos Manuais (fluxo)'!$G$2:$G$40,"Passou") -> 0 | D20: =COUNTIFS('Casos Manuais (fluxo)'!$B$2:$B$40,A20,'Casos Manuais (fluxo)'!$G$2:$G$40,"Falhou") -> 0
